{"cameraMode":{"drawMode":0,"name":"Shaded","section":"Shading Mode"},"sceneLighting":true,"audioPlay":false,"sceneViewState":{"showFog":true,"showMaterialUpdate":false,"showSkybox":true,"showFlares":true,"showImageEffects":true,"showParticleSystems":true},"in2DMode":false,"pivot":{"x":83.04833984375,"y":-35.959346771240237,"z":91.49586486816406},"rotation":{"x":-0.1336129754781723,"y":-0.34118789434432986,"z":0.049038365483284,"w":-0.9291837215423584},"size":155.1499786376953,"orthographic":false}